{
  "n": 64,
  "p_nominal": 0.05,
  "epsilon": 1e-08,
  "tamaas_version": "2.8.1",
  "objective": 7.460640881834968e-09,
  "contact_fraction": 0.12646484375,
  "mean_pressure": 0.050000000000000086,
  "time_surface_s": 0.0006089029993745498,
  "time_solve_s": 0.02665223800431704
}
